gene_stable_id,gene_name
ENSDARG00000000151,thraa
ENSDARG00000000175,hoxb2a
ENSDARG00000000476,pms1
ENSDARG00000000767,spi1b
ENSDARG00000000796,nr4a1
ENSDARG00000001210,arl14ep
ENSDARG00000001241,puf60b
ENSDARG00000001621,nfyal
ENSDARG00000001785,irx2a
ENSDARG00000001829,zgc:112982
ENSDARG00000001859,dbx1b
ENSDARG00000001910,rorab
ENSDARG00000002006,rxrbb
ENSDARG00000002031,tox4a
ENSDARG00000002196,bach1b
ENSDARG00000002216,tbx3a
ENSDARG00000002271,zfand5b
ENSDARG00000002330,lhx8a
ENSDARG00000002365,cers5
ENSDARG00000002402,ercc3
ENSDARG00000002510,dmbx1b
ENSDARG00000002582,tbx15
ENSDARG00000002601,irx7
ENSDARG00000002613,rpa3
ENSDARG00000002707,her11
ENSDARG00000002779,pdx1
ENSDARG00000002795,meis3
ENSDARG00000002933,gbx2
ENSDARG00000002937,meis1a
ENSDARG00000002971,phc1
ENSDARG00000003098,kdm5bb
ENSDARG00000003165,nr2f6b
ENSDARG00000003200,foxm1
ENSDARG00000003251,zbtb22b
ENSDARG00000003293,sox9a
ENSDARG00000003398,rbpja
ENSDARG00000003429,hnrnpdl
ENSDARG00000003607,nr2f6a
ENSDARG00000003631,clockb
ENSDARG00000003732,mitfa
ENSDARG00000003749,polb
ENSDARG00000003803,LHX3
ENSDARG00000003820,nr1d2a
ENSDARG00000003877,pbrm1
ENSDARG00000003938,rpa1
ENSDARG00000003965,tlx1
ENSDARG00000003971,isl2a
ENSDARG00000004023,isl1
ENSDARG00000004060,bhlhe40
ENSDARG00000004074,bach2b
ENSDARG00000004111,esr1
ENSDARG00000004274,zgc:112496
ENSDARG00000004415,tcf7l2
ENSDARG00000004473,tbx21
ENSDARG00000004527,pin4
ENSDARG00000004529,zgc:173742
ENSDARG00000004537,kmt2a
ENSDARG00000004588,sox4a
ENSDARG00000004695,six4a
ENSDARG00000004697,rxrgb
ENSDARG00000004712,tbr1b
ENSDARG00000004757,ybx1
ENSDARG00000004843,foxp1a
ENSDARG00000004861,esrrga
ENSDARG00000004864,foxr1
ENSDARG00000005026,tshz1
ENSDARG00000005218,wrnip1
ENSDARG00000005236,srcap
ENSDARG00000005394,dnmt3aa
ENSDARG00000005453,foxp2
ENSDARG00000005559,pou4f1
ENSDARG00000005574,vsx2
ENSDARG00000005883,rfx1a
ENSDARG00000006003,mycla
ENSDARG00000006124,kdm5c
ENSDARG00000006206,pou4f3
ENSDARG00000006266,stat1a
ENSDARG00000006350,nkx1.2la
ENSDARG00000006389,smad2
ENSDARG00000006408,hmgb3b
ENSDARG00000006434,polr1e
ENSDARG00000006514,her6
ENSDARG00000006524,supt6h
ENSDARG00000006615,hnf1ba
ENSDARG00000006640,eomesa
ENSDARG00000006791,arntl1a
ENSDARG00000006837,mycn
ENSDARG00000006896,lhx6
ENSDARG00000006939,tbx16l
ENSDARG00000007009,hoxa11b
ENSDARG00000007034,hnrpkl
ENSDARG00000007097,her13
ENSDARG00000007271,mynn
ENSDARG00000007277,myf5
ENSDARG00000007315,tmpoa
ENSDARG00000007329,tbx16
ENSDARG00000007349,dmrt1
ENSDARG00000007369,tcf7l1b
ENSDARG00000007387,irf2a
ENSDARG00000007406,phox2a
ENSDARG00000007407,barx1
ENSDARG00000007413,arid2
ENSDARG00000007430,prdm12b
ENSDARG00000007720,sub1b
ENSDARG00000007812,sp3b
ENSDARG00000007823,atf3
ENSDARG00000007824,camta1b
ENSDARG00000007891,meox1
ENSDARG00000007941,hmx4
ENSDARG00000007944,lhx1b
ENSDARG00000007982,onecut1
ENSDARG00000007996,pou2f1b
ENSDARG00000008010,zgc:194189
ENSDARG00000008119,si:ch211-195d17.2
ENSDARG00000008133,foxl1
ENSDARG00000008174,hoxb1a
ENSDARG00000008203,pax1a
ENSDARG00000008209,myt1la
ENSDARG00000008472,apex2
ENSDARG00000008551,pole3
ENSDARG00000008796,her5
ENSDARG00000008805,orc3
ENSDARG00000008818,hsf1
ENSDARG00000008861,tfap2e
ENSDARG00000008886,msx1b
ENSDARG00000008904,smarca2
ENSDARG00000008947,rtf1
ENSDARG00000009094,gata2b
ENSDARG00000009134,hlx1
ENSDARG00000009242,fev
ENSDARG00000009418,mef2cb
ENSDARG00000009470,hnf1a
ENSDARG00000009473,ppardb
ENSDARG00000009525,tial1
ENSDARG00000009550,foxi3b
ENSDARG00000009594,nr1d2b
ENSDARG00000009822,her4.4
ENSDARG00000009823,pou3f1
ENSDARG00000009922,dmbx1a
ENSDARG00000009950,edf1
ENSDARG00000010192,pax3a
ENSDARG00000010207,smad3b
ENSDARG00000010630,hoxb6a
ENSDARG00000010732,xrcc4
ENSDARG00000010794,tfeb
ENSDARG00000011072,ddx11
ENSDARG00000011235,otx2b
ENSDARG00000011273,tlx2
ENSDARG00000011298,atf7a
ENSDARG00000011376,dnase1l4.2
ENSDARG00000011404,fen1
ENSDARG00000011570,pou6f1
ENSDARG00000011579,hoxb10a
ENSDARG00000011582,sox5
ENSDARG00000011696,esrrgb
ENSDARG00000011703,clocka
ENSDARG00000011818,batf
ENSDARG00000011879,foxn1
ENSDARG00000011890,cry4
ENSDARG00000011956,dlx4a
ENSDARG00000011989,crx
ENSDARG00000012078,meis1b
ENSDARG00000012325,zgc:110269
ENSDARG00000012539,dnase1
ENSDARG00000012672,gtf2e2
ENSDARG00000012699,bbx
ENSDARG00000012776,smarca1
ENSDARG00000012788,foxa3
ENSDARG00000013057,hoxb5a
ENSDARG00000013125,dlx1a
ENSDARG00000013207,zeb1b
ENSDARG00000013224,phc2b
ENSDARG00000013251,hsf4
ENSDARG00000013441,hey2
ENSDARG00000013477,gata1a
ENSDARG00000013528,mcm9
ENSDARG00000013533,hoxb4a
ENSDARG00000013575,rfx2
ENSDARG00000013615,pbx3b
ENSDARG00000013704,cers2a
ENSDARG00000013789,sim1b
ENSDARG00000013837,spo11
ENSDARG00000013933,XRCC2
ENSDARG00000014018,lhx1a
ENSDARG00000014161,ercc4
ENSDARG00000014181,foxp1b
ENSDARG00000014201,otpa
ENSDARG00000014218,mecp2
ENSDARG00000014274,rfc2
ENSDARG00000014321,en1a
ENSDARG00000014430,rabgef1
ENSDARG00000014480,nr6a1b
ENSDARG00000014550,rfx3
ENSDARG00000014626,dlx3b
ENSDARG00000014722,her1
ENSDARG00000014994,tbp
ENSDARG00000015070,pola2
ENSDARG00000015072,dmrt2a
ENSDARG00000015123,dnase1l4.1
ENSDARG00000015355,fosl1a
ENSDARG00000015536,sox6
ENSDARG00000015554,zic2a
ENSDARG00000015566,dnmt3ab
ENSDARG00000015567,zic1
ENSDARG00000015674,msx3
ENSDARG00000015851,pnn
ENSDARG00000015879,pax8
ENSDARG00000015890,mafa
ENSDARG00000015902,stat6
ENSDARG00000015906,mxtx2
ENSDARG00000015966,yaf2
ENSDARG00000015968,rabgef1l
ENSDARG00000016022,zic5
ENSDARG00000016302,upf1
ENSDARG00000016304,tfdp1b
ENSDARG00000016363,her8a
ENSDARG00000016454,esr2a
ENSDARG00000016457,irf9
ENSDARG00000016536,npas2
ENSDARG00000016788,zeb1a
ENSDARG00000016854,neurod2
ENSDARG00000016858,smad7
ENSDARG00000016871,smarce1
ENSDARG00000016994,ssrp1b
ENSDARG00000017007,nr4a2a
ENSDARG00000017107,nr2e1
ENSDARG00000017121,mafba
ENSDARG00000017174,dlx2b
ENSDARG00000017220,otud7b
ENSDARG00000017400,klf1
ENSDARG00000017562,banp
ENSDARG00000017615,tlx3b
ENSDARG00000017780,rorcb
ENSDARG00000017821,gata5
ENSDARG00000017917,her7
ENSDARG00000017928,xrcc3
ENSDARG00000017953,tp73
ENSDARG00000018004,nkx2.5
ENSDARG00000018022,msh2
ENSDARG00000018025,tbx2a
ENSDARG00000018109,mafga
ENSDARG00000018296,rev1
ENSDARG00000018303,etv4
ENSDARG00000018321,lbx1a
ENSDARG00000018553,ifih1
ENSDARG00000018611,lbx1b
ENSDARG00000018619,cers4b
ENSDARG00000018688,elk3
ENSDARG00000018765,pknox1.1
ENSDARG00000018898,zfand5a
ENSDARG00000018907,kat6a
ENSDARG00000018914,hnrnpk
ENSDARG00000019013,barhl1b
ENSDARG00000019293,tfdp1a
ENSDARG00000019335,hes6
ENSDARG00000019392,stat5a
ENSDARG00000019457,tfe3b
ENSDARG00000019459,elf2a
ENSDARG00000019498,cry5
ENSDARG00000019507,mcm5
ENSDARG00000019529,parp1
ENSDARG00000019658,pou2f2a
ENSDARG00000019717,pbx2
ENSDARG00000019774,zhx3
ENSDARG00000019810,nfe2l3
ENSDARG00000019835,nkx2.1
ENSDARG00000020046,ahr1a
ENSDARG00000020079,neil3
ENSDARG00000020133,jdp2b
ENSDARG00000020354,lmx1a
ENSDARG00000020417,emx3
ENSDARG00000020504,h3f3b.1
ENSDARG00000020606,nfe2
ENSDARG00000020759,elf1
ENSDARG00000020872,nfat5a
ENSDARG00000021032,foxd3
ENSDARG00000021055,isl1l
ENSDARG00000021112,c1d
ENSDARG00000021163,thrb
ENSDARG00000021201,noto
ENSDARG00000021232,nkx2.7
ENSDARG00000021336,pax4
ENSDARG00000021405,chd3
ENSDARG00000021494,hnf4a
ENSDARG00000021833,ahr2
ENSDARG00000021855,arnt
ENSDARG00000021916,vax1
ENSDARG00000021938,smad9
ENSDARG00000021959,zgc:101100
ENSDARG00000021985,ercc2
ENSDARG00000022295,hnf1bb
ENSDARG00000022569,nkx6.1
ENSDARG00000022712,stat3
ENSDARG00000022978,tmpob
ENSDARG00000023031,hoxa2b
ENSDARG00000023058,foxo3a
ENSDARG00000023217,crema
ENSDARG00000023316,sim1a
ENSDARG00000023362,nr5a1b
ENSDARG00000023678,ercc5
ENSDARG00000023861,dnase1l1l
ENSDARG00000024204,mcm3
ENSDARG00000024306,zbed4
ENSDARG00000024488,top2a
ENSDARG00000024598,homezb
ENSDARG00000024619,foxo6b
ENSDARG00000025032,nr3c1
ENSDARG00000025131,lbx2
ENSDARG00000025187,six6a
ENSDARG00000025641,gli2a
ENSDARG00000025699,mbd1b
ENSDARG00000025718,cxxc1b
ENSDARG00000025789,chd4b
ENSDARG00000025891,shox
ENSDARG00000025899,pnx
ENSDARG00000026072,pdcd5
ENSDARG00000026183,polr2eb
ENSDARG00000026395,rfx4
ENSDARG00000026400,rad51d
ENSDARG00000026453,zgc:66474
ENSDARG00000026473,six1b
ENSDARG00000026513,hoxb6b
ENSDARG00000026599,en2a
ENSDARG00000027082,hmbox1a
ENSDARG00000027143,aptx
ENSDARG00000027199,smad1
ENSDARG00000027586,top3b
ENSDARG00000027658,irf10
ENSDARG00000027689,pold1
ENSDARG00000027777,tnfaip3
ENSDARG00000027933,glis1b
ENSDARG00000027938,rad18
ENSDARG00000028148,pax2a
ENSDARG00000028213,ttn.2
ENSDARG00000028335,hmga1a
ENSDARG00000028348,pax3b
ENSDARG00000028431,adnp2b
ENSDARG00000028517,hbp1
ENSDARG00000028731,stat4
ENSDARG00000028957,maff
ENSDARG00000029179,foxd1
ENSDARG00000029263,hoxb3a
ENSDARG00000029406,h2ax
ENSDARG00000029764,mef2ca
ENSDARG00000029766,nr1i2
ENSDARG00000029783,dedd
ENSDARG00000030058,tbx4
ENSDARG00000030125,sox7
ENSDARG00000030155,ssbp3b
ENSDARG00000030297,sox13
ENSDARG00000030350,mnx2b
ENSDARG00000030479,hmgb1b
ENSDARG00000030560,helz
ENSDARG00000030583,foxk2
ENSDARG00000030616,nfe2l1a
ENSDARG00000030703,otx2a
ENSDARG00000030756,dnmt1
ENSDARG00000030896,foxq1a
ENSDARG00000030999,mybl1
ENSDARG00000031138,irx3b
ENSDARG00000031161,nr1d4a
ENSDARG00000031198,hmg20a
ENSDARG00000031222,lhx2b
ENSDARG00000031307,zic4
ENSDARG00000031316,six6b
ENSDARG00000031337,hoxa10b
ENSDARG00000031387,cers4a
ENSDARG00000031647,stat2
ENSDARG00000031664,sox21a
ENSDARG00000031680,ercc1
ENSDARG00000031683,fosab
ENSDARG00000031756,mef2aa
ENSDARG00000031763,smad6b
ENSDARG00000031768,roraa
ENSDARG00000031777,pparaa
ENSDARG00000031848,pparg
ENSDARG00000031894,lef1
ENSDARG00000031983,six4b
ENSDARG00000032129,gtf2f1
ENSDARG00000032578,pax2b
ENSDARG00000032637,si:dkey-261m9.12
ENSDARG00000032705,foxg1b
ENSDARG00000032963,her12
ENSDARG00000033009,h3f3c
ENSDARG00000033012,pcnt
ENSDARG00000033160,nr1d1
ENSDARG00000033231,mcm6l
ENSDARG00000033498,rorb
ENSDARG00000033647,smarcb1a
ENSDARG00000033971,prrx1a
ENSDARG00000034043,irx5a
ENSDARG00000034117,rarga
ENSDARG00000034181,esr2b
ENSDARG00000034195,top2b
ENSDARG00000034420,irx6a
ENSDARG00000034893,rarab
ENSDARG00000035066,ubtf
ENSDARG00000035074,rtel1
ENSDARG00000035127,rxrab
ENSDARG00000035146,polr2j
ENSDARG00000035330,taf1
ENSDARG00000035508,barhl1a
ENSDARG00000035519,histh1l
ENSDARG00000035559,tp53
ENSDARG00000035634,rfc5
ENSDARG00000035648,irx4a
ENSDARG00000035680,zgc:113424
ENSDARG00000035732,arntl1b
ENSDARG00000035735,gsx1
ENSDARG00000035823,zmym4
ENSDARG00000035887,zgc:91944
ENSDARG00000035984,mnx1
ENSDARG00000036051,irx4b
ENSDARG00000036074,cebpa
ENSDARG00000036096,smad3a
ENSDARG00000036168,nfatc1
ENSDARG00000036194,pitx2
ENSDARG00000036254,hoxa13b
ENSDARG00000036292,cdx4
ENSDARG00000036337,cers3b
ENSDARG00000036542,pknox1.2
ENSDARG00000036569,bach2a
ENSDARG00000036593,kdm2ba
ENSDARG00000036625,polr2f
ENSDARG00000036791,dnmt3bb.1
ENSDARG00000036816,pou2f2a
ENSDARG00000036868,tbpl1
ENSDARG00000036930,tbx18
ENSDARG00000036956,asxl1
ENSDARG00000037009,banf1
ENSDARG00000037046,rad51b
ENSDARG00000037073,si:dkey-60a16.1
ENSDARG00000037178,zic2b
ENSDARG00000037188,rpa2
ENSDARG00000037192,zgc:113364
ENSDARG00000037196,arid5b
ENSDARG00000037383,pax5
ENSDARG00000037397,ssrp1a
ENSDARG00000037532,mcm3l
ENSDARG00000037570,polr1d
ENSDARG00000037639,nkx3-2
ENSDARG00000037760,uncx4.1
ENSDARG00000037782,sox8b
ENSDARG00000037833,mitfb
ENSDARG00000037872,foxk1
ENSDARG00000037964,lhx2a
ENSDARG00000038133,zgc:113411
ENSDARG00000038141,atf4b
ENSDARG00000038205,her2
ENSDARG00000038559,h1-0
ENSDARG00000038672,tcf7
ENSDARG00000038687,nfkb2
ENSDARG00000038780,ubtfl
ENSDARG00000038792,klf17
ENSDARG00000038812,e2f5
ENSDARG00000038868,en2b
ENSDARG00000039095,nkx2.3
ENSDARG00000039116,nr5a5
ENSDARG00000039117,tefa
ENSDARG00000039185,nfyba
ENSDARG00000039217,orc1
ENSDARG00000039302,terfa
ENSDARG00000039304,six1a
ENSDARG00000039350,ssbp1
ENSDARG00000039400,polr1c
ENSDARG00000039412,dmrta2
ENSDARG00000039458,lhx4
ENSDARG00000039569,emx1
ENSDARG00000039613,poll
ENSDARG00000039701,emx2
ENSDARG00000039754,xpc
ENSDARG00000039756,prop1
ENSDARG00000040041,mcm4
ENSDARG00000040080,fli1b
ENSDARG00000040123,zfpm2a
ENSDARG00000040135,fosaa
ENSDARG00000040137,jdp2a
ENSDARG00000040161,zgc:92287
ENSDARG00000040237,mef2d
ENSDARG00000040253,onecutl
ENSDARG00000040261,runx2a
ENSDARG00000040321,rx2
ENSDARG00000040487,zgc:113176
ENSDARG00000040606,tfap2c
ENSDARG00000040623,fosl2
ENSDARG00000040911,meox2a
ENSDARG00000040917,cbfb
ENSDARG00000040926,nr2f2
ENSDARG00000040955,dharma
ENSDARG00000041080,thap3
ENSDARG00000041098,barx2
ENSDARG00000041243,setdb1a
ENSDARG00000041359,zgc:161969
ENSDARG00000041381,arntl2
ENSDARG00000041411,rad51
ENSDARG00000041572,zfpm1
ENSDARG00000041691,bhlhe41
ENSDARG00000041702,rfx6
ENSDARG00000041952,prox2
ENSDARG00000042004,nfya
ENSDARG00000042027,prrx1b
ENSDARG00000042032,pou3f3a
ENSDARG00000042045,hmg20b
ENSDARG00000042054,zgc:171971
ENSDARG00000042106,mnx2a
ENSDARG00000042145,lhx8b
ENSDARG00000042180,foxl2a
ENSDARG00000042291,dlx6a
ENSDARG00000042296,dlx5a
ENSDARG00000042337,chrac1
ENSDARG00000042458,rfc4
ENSDARG00000042477,nr2c2
ENSDARG00000042485,foxd5
ENSDARG00000042492,si:dkey-250d21.1
ENSDARG00000042525,ebf2
ENSDARG00000042526,sebox
ENSDARG00000042577,batf3
ENSDARG00000042637,tert
ENSDARG00000042725,cebpb
ENSDARG00000042824,nfe2l2a
ENSDARG00000042826,egr2b
ENSDARG00000042835,tfdp2
ENSDARG00000042881,nthl1
ENSDARG00000042904,foxo3b
ENSDARG00000043210,nfic
ENSDARG00000043249,irf1b
ENSDARG00000043322,gsx2
ENSDARG00000043483,otx5
ENSDARG00000043531,jun
ENSDARG00000043553,ches1
ENSDARG00000043873,arid4a
ENSDARG00000043923,sox9b
ENSDARG00000043973,znf292b
ENSDARG00000044155,mafaa
ENSDARG00000044301,atf1
ENSDARG00000044356,tp63
ENSDARG00000044375,zgc:158291
ENSDARG00000044511,etv5b
ENSDARG00000044525,pparda
ENSDARG00000044532,nr4a2b
ENSDARG00000044622,polq
ENSDARG00000044669,hp1bp3
ENSDARG00000044774,pou5f3
ENSDARG00000045094,si:dkey-222b8.1
ENSDARG00000045105,foxn2b
ENSDARG00000045248,h3f3d
ENSDARG00000045308,pola1
ENSDARG00000045413,gcm2
ENSDARG00000045527,nr2c1
ENSDARG00000045556,OTUD7A
ENSDARG00000045611,nfybb
ENSDARG00000045661,irf7
ENSDARG00000045681,irf5
ENSDARG00000045695,myca
ENSDARG00000045768,cry1a
ENSDARG00000045843,apex1
ENSDARG00000045936,pax6b
ENSDARG00000046010,kdm2bb
ENSDARG00000051718,si:ch211-113a14.24
ENSDARG00000051729,nfatc3b
ENSDARG00000051735,si:ch211-113a14.18
ENSDARG00000051736,hist1h2a4
ENSDARG00000051737,
ENSDARG00000051854,cdt1
ENSDARG00000051926,plag1
ENSDARG00000052091,rbpjb
ENSDARG00000052115,ehf
ENSDARG00000052121,rag2
ENSDARG00000052122,rag1
ENSDARG00000052150,pbx4
ENSDARG00000052165,LHX6
ENSDARG00000052348,smarca5
ENSDARG00000052387,pou2f3
ENSDARG00000052402,dnmt3ba
ENSDARG00000052553,lig3
ENSDARG00000052618,ahrrb
ENSDARG00000052654,thrab
ENSDARG00000052721,prim2
ENSDARG00000052826,runx3
ENSDARG00000052827,top3a
ENSDARG00000052833,zfand3
ENSDARG00000052893,rx3
ENSDARG00000053097,hsf2
ENSDARG00000053298,nkx2.2a
ENSDARG00000053364,pax10
ENSDARG00000053446,sub1a
ENSDARG00000053499,isl2b
ENSDARG00000053583,cers6
ENSDARG00000053586,creb1a
ENSDARG00000053650,foxb1b
ENSDARG00000053666,myb
ENSDARG00000053829,pax9
ENSDARG00000053868,etv2
ENSDARG00000053918,srfa
ENSDARG00000053990,hmgb2b
ENSDARG00000054003,rargb
ENSDARG00000054025,hoxb8b
ENSDARG00000054030,hoxb5b
ENSDARG00000054033,hoxb1b
ENSDARG00000054058,h1-10
ENSDARG00000054155,pcna
ENSDARG00000054162,nfatc4
ENSDARG00000054304,homeza
ENSDARG00000054307,zgc:77151
ENSDARG00000054323,pparab
ENSDARG00000054632,fli1a
ENSDARG00000054799,rfc1
ENSDARG00000054878,six2b
ENSDARG00000054879,six3b
ENSDARG00000055158,prox1a
ENSDARG00000055162,zhx2a
ENSDARG00000055276,rel
ENSDARG00000055349,pknox2
ENSDARG00000055359,sp100.1
ENSDARG00000055374,irf4b
ENSDARG00000055429,kat6b
ENSDARG00000055481,atf7b
ENSDARG00000055493,hic1
ENSDARG00000055574,FOXN2
ENSDARG00000055588,stat5b
ENSDARG00000055630,foxh1
ENSDARG00000055690,CU655961.1
ENSDARG00000055750,foxp3a
ENSDARG00000055751,fosb
ENSDARG00000055792,foxo4
ENSDARG00000055798,heyl
ENSDARG00000055854,nr4a3
ENSDARG00000055883,dmc1
ENSDARG00000055926,foxi3a
ENSDARG00000055969,rfc3
ENSDARG00000056012,eve1
ENSDARG00000056015,hoxb13a
ENSDARG00000056023,hoxb9a
ENSDARG00000056027,hoxb8a
ENSDARG00000056030,hoxb7a
ENSDARG00000056079,l3mbtl2
ENSDARG00000056213,si:ch73-130a3.4
ENSDARG00000056226,creb3l3a
ENSDARG00000056292,vsx1
ENSDARG00000056395,onecut3a
ENSDARG00000056400,helt
ENSDARG00000056407,irf8
ENSDARG00000056438,her9
ENSDARG00000056594,irx1b
ENSDARG00000056695,phc2a
ENSDARG00000056729,her4.2
ENSDARG00000056732,her4.1
ENSDARG00000056783,raraa
ENSDARG00000056784,aire
ENSDARG00000056819,hoxa9b
ENSDARG00000056832,exo1
ENSDARG00000056979,lhx9
ENSDARG00000057093,kdm5ba
ENSDARG00000057231,rorca
ENSDARG00000057323,e2f8
ENSDARG00000057527,mef2ab
ENSDARG00000057562,polr3c
ENSDARG00000057649,satb1a
ENSDARG00000057652,dbpb
ENSDARG00000057683,mcm6
ENSDARG00000057737,rxraa
ENSDARG00000057738,hells
ENSDARG00000057741,nr1h4
ENSDARG00000057782,baz2ba
ENSDARG00000057830,dnmt3bb.2
ENSDARG00000057859,hoxd10a
ENSDARG00000057863,dnmt3bb.3
ENSDARG00000057936,lhx5
ENSDARG00000058004,six2a
ENSDARG00000058008,six3a
ENSDARG00000058011,arxa
ENSDARG00000058133,foxd2
ENSDARG00000058203,smc1al
ENSDARG00000058349,polr2l
ENSDARG00000058379,otpb
ENSDARG00000058479,zgc:110425
ENSDARG00000058480,chtf18
ENSDARG00000058533,pole
ENSDARG00000058598,sox18
ENSDARG00000058702,vax2
ENSDARG00000058710,terf1
ENSDARG00000058801,rev3l
ENSDARG00000058924,pou1f1
ENSDARG00000058978,zgc:113423
ENSDARG00000058992,cers2b
ENSDARG00000059073,gsc
ENSDARG00000059130,gata1b
ENSDARG00000059233,runx2b
ENSDARG00000059255,evx2
ENSDARG00000059256,hoxd13a
ENSDARG00000059263,hoxd12a
ENSDARG00000059267,hoxd11a
ENSDARG00000059274,hoxd9a
ENSDARG00000059276,hoxd4a
ENSDARG00000059279,tfap2a
ENSDARG00000059280,hoxd3a
ENSDARG00000059327,gata2a
ENSDARG00000059337,tgif1
ENSDARG00000059370,nr1d4b
ENSDARG00000059483,tead1b
ENSDARG00000059581,mbd5
ENSDARG00000059653,kdm2aa
ENSDARG00000059836,ddit3
ENSDARG00000059963,polk
ENSDARG00000060041,lig1
ENSDARG00000060089,btaf1
ENSDARG00000060506,sos2
ENSDARG00000060529,nkx6.3
ENSDARG00000060620,lig4
ENSDARG00000060697,kmt2bb
ENSDARG00000060734,hesx1
ENSDARG00000060862,atxn1b
ENSDARG00000060925,jarid2a
ENSDARG00000060937,adnp2a
ENSDARG00000060951,polg
ENSDARG00000061011,hlfb
ENSDARG00000061509,tbx3b
ENSDARG00000061547,zgc:153409
ENSDARG00000061687,atxn1a
ENSDARG00000061774,mbd3a
ENSDARG00000061810,mbd3b
ENSDARG00000061818,meox2b
ENSDARG00000061836,nfixb
ENSDARG00000061885,satb2
ENSDARG00000062002,adnpa
ENSDARG00000062060,gmeb1
ENSDARG00000062268,jarid2b
ENSDARG00000062269,fan1
ENSDARG00000062361,paxbp1
ENSDARG00000062553,bach1a
ENSDARG00000062621,satb1b
ENSDARG00000062646,tet3
ENSDARG00000062824,alx1
ENSDARG00000062892,foxe3
ENSDARG00000062915,polr3b
ENSDARG00000062962,kmt2ba
ENSDARG00000062983,fbxo18
ENSDARG00000063186,BEND7
ENSDARG00000063255,btbd11a
ENSDARG00000063258,rfx5
ENSDARG00000063276,msh3
ENSDARG00000063417,erf
ENSDARG00000063649,tead3b
ENSDARG00000067591,puraa
ENSDARG00000067658,BX470189.1
ENSDARG00000067729,arid3c
ENSDARG00000067850,jund
ENSDARG00000067913,ints9
ENSDARG00000067976,ar
ENSDARG00000068365,lmx1bb
ENSDARG00000068406,six5
ENSDARG00000068407,six9
ENSDARG00000068417,foxl2b
ENSDARG00000068428,si:ch211-153j24.3
ENSDARG00000068434,h3f3b.1
ENSDARG00000068436,si:ch1073-429i10.3
ENSDARG00000068820,h2az2a
ENSDARG00000068822,purba
ENSDARG00000068919,rad51c
ENSDARG00000068941,zgc:113983
ENSDARG00000068976,bsx
ENSDARG00000068995,h2ax1
ENSDARG00000068996,hist2h2l
ENSDARG00000069074,cry3a
ENSDARG00000069196,ebf1b
ENSDARG00000069252,mixl1
ENSDARG00000069266,esrra
ENSDARG00000069274,ighmbp2
ENSDARG00000069289,gabpa
ENSDARG00000069326,mus81
ENSDARG00000069327,nkx3.3
ENSDARG00000069329,drgx
ENSDARG00000069382,mxtx1
ENSDARG00000069675,her8.2
ENSDARG00000069715,foxi2
ENSDARG00000069726,glis3
ENSDARG00000069729,mpg
ENSDARG00000069737,pou4f2
ENSDARG00000069763,etv5a
ENSDARG00000069910,gtf2f2a
ENSDARG00000069912,hmga2
ENSDARG00000069988,arid6
ENSDARG00000070013,dmrt2b
ENSDARG00000070069,pitx3
ENSDARG00000070098,lcorl
ENSDARG00000070107,six7
ENSDARG00000070108,dek
ENSDARG00000070151,nfyc
ENSDARG00000070220,pou3f2a
ENSDARG00000070280,hist1h2a3
ENSDARG00000070289,si:ch211-113a14.22
ENSDARG00000070297,CR354435.1
ENSDARG00000070337,hoxc1a
ENSDARG00000070338,hoxc4a
ENSDARG00000070339,hoxc3a
ENSDARG00000070340,hoxc5a
ENSDARG00000070343,hoxc6a
ENSDARG00000070346,hoxc8a
ENSDARG00000070348,hoxc10a
ENSDARG00000070351,hoxc11a
ENSDARG00000070352,hoxc12a
ENSDARG00000070353,hoxc13a
ENSDARG00000070428,si:dkey-222b8.1
ENSDARG00000070432,ino80
ENSDARG00000070458,zgc:153292
ENSDARG00000070463,e2f3
ENSDARG00000070465,si:dkey-13n23.3
ENSDARG00000070538,hey1
ENSDARG00000070542,mafbb
ENSDARG00000070545,top1l
ENSDARG00000070568,atad5a
ENSDARG00000070704,thap7
ENSDARG00000070721,vdrb
ENSDARG00000070769,foxg1a
ENSDARG00000070770,her4.3
ENSDARG00000070818,pax7b
ENSDARG00000070843,arid3a
ENSDARG00000070845,si:dkey-56d12.4
ENSDARG00000070913,sox2
ENSDARG00000070951,hmga1b
ENSDARG00000070954,hmx2
ENSDARG00000070955,hmx3a
ENSDARG00000070959,si:ch211-288g17.3
ENSDARG00000070981,ash1l
ENSDARG00000071116,eepd1
ENSDARG00000071394,foxq2
ENSDARG00000071418,gbx1
ENSDARG00000071496,zic6
ENSDARG00000071497,zic3
ENSDARG00000071551,xrcc6
ENSDARG00000071560,dlx4b
ENSDARG00000071565,hnf4g
ENSDARG00000071684,rx1
ENSDARG00000071733,si:ch211-207i20.3
ENSDARG00000071868,znf711
ENSDARG00000073814,pax1b
ENSDARG00000073944,si:ch73-386h18.1
ENSDARG00000073957,tox3
ENSDARG00000074012,si:ch1073-159d7.7
ENSDARG00000074030,myt1a
ENSDARG00000074070,irx5b
ENSDARG00000074148,rbpjl
ENSDARG00000074274,POLR2E
ENSDARG00000074293,adnpb
ENSDARG00000074326,mcm8
ENSDARG00000074378,junba
ENSDARG00000074410,brip1
ENSDARG00000074442,alx4b
ENSDARG00000074453,zfx
ENSDARG00000074752,hlfa
ENSDARG00000074889,CT025742.1
ENSDARG00000075083,prkdc
ENSDARG00000075107,nkx2.4a
ENSDARG00000075113,nanog
ENSDARG00000075211,chd7
ENSDARG00000075226,smad4a
ENSDARG00000075230,tet1
ENSDARG00000075269,si:dkey-20i10.7
ENSDARG00000075330,phox2ba
ENSDARG00000075450,mkxa
ENSDARG00000075482,zgc:173587
ENSDARG00000075508,si:dkey-108k21.10
ENSDARG00000075538,zgc:163061
ENSDARG00000075542,zfhx4
ENSDARG00000075543,chd8
ENSDARG00000075569,gpbp1l1
ENSDARG00000075616,polr2k
ENSDARG00000075624,bend5
ENSDARG00000075682,orc6
ENSDARG00000075713,shox2
ENSDARG00000075735,cxxc5b
ENSDARG00000075774,foxj3
ENSDARG00000075783,hmgxb4a
ENSDARG00000075884,shprh
ENSDARG00000075904,rfx1b
ENSDARG00000075952,mbd2
ENSDARG00000076120,foxp4
ENSDARG00000076182,stat1b
ENSDARG00000076251,irf3
ENSDARG00000076259,tbr1a
ENSDARG00000076262,pou3f2b
ENSDARG00000076297,nfatc3a
ENSDARG00000076437,zgc:163143
ENSDARG00000076501,asxl2
ENSDARG00000076512,si:ch211-265g22.4
ENSDARG00000076520,mafb
ENSDARG00000076533,nfe2l1b
ENSDARG00000076611,fbxo21
ENSDARG00000076657,plagl2
ENSDARG00000076716,palb2
ENSDARG00000076766,zgc:163061
ENSDARG00000076857,her3
ENSDARG00000076903,bend3
ENSDARG00000076913,eme1
ENSDARG00000076920,ZNF335
ENSDARG00000077089,blm
ENSDARG00000077092,elk4
ENSDARG00000077120,arid5a
ENSDARG00000077226,smarca4a
ENSDARG00000077227,fbxl6
ENSDARG00000077237,rfx7a
ENSDARG00000077361,bptf
ENSDARG00000077428,camta1a
ENSDARG00000077456,si:ch211-113a14.12
ENSDARG00000077467,sox10
ENSDARG00000077469,polr1b
ENSDARG00000077471,hmces
ENSDARG00000077473,mych
ENSDARG00000077504,si:ch211-103n10.5
ENSDARG00000077811,sox11a
ENSDARG00000077817,cxxc4
ENSDARG00000077823,hmgxb3
ENSDARG00000077840,meis2a
ENSDARG00000077852,samd11
ENSDARG00000077900,si:ch211-141o9.10
ENSDARG00000077915,lmx1al
ENSDARG00000077982,elf3
ENSDARG00000078133,kdm2ab
ENSDARG00000078206,zgc:171506
ENSDARG00000078214,mybbp1a
ENSDARG00000078238,nacc1b
ENSDARG00000078279,foxp3b
ENSDARG00000078280,nkx3-1
ENSDARG00000078416,zeb2b
ENSDARG00000078459,cux1a
ENSDARG00000078497,timeless
ENSDARG00000078541,cers3a
ENSDARG00000078676,myrf
ENSDARG00000078759,dna2
ENSDARG00000078781,si:ch211-161c3.6
ENSDARG00000078865,cxxc5a
ENSDARG00000078941,ano9a
ENSDARG00000078954,rxrba
ENSDARG00000079015,brca2
ENSDARG00000079020,gcfc2
ENSDARG00000079187,tbx19
ENSDARG00000079201,tshz2
ENSDARG00000079266,foxe1
ENSDARG00000079373,fosl1b
ENSDARG00000079382,hdx
ENSDARG00000079626,elf2b
ENSDARG00000079639,PRRC2B
ENSDARG00000079699,zgc:162612
ENSDARG00000079915,pot1
ENSDARG00000079964,dlx2a
ENSDARG00000079972,nfatc2b
ENSDARG00000086173,relb
ENSDARG00000086345,cux2b
ENSDARG00000086362,pou6f2
ENSDARG00000086393,dbx1a
ENSDARG00000086552,hist1h2a11
ENSDARG00000086591,si:ch211-113a14.11
ENSDARG00000086775,top1
ENSDARG00000086892,erfl1
ENSDARG00000086980,mbd6
ENSDARG00000087094,foxa
ENSDARG00000087186,si:ch211-232b12.5
ENSDARG00000087195,rorc
ENSDARG00000087303,cebpd
ENSDARG00000087394,tshz3a
ENSDARG00000087483,si:dkey-226l10.6
ENSDARG00000087646,runx1
ENSDARG00000087897,macroh2a2
ENSDARG00000088276,H2BE1
ENSDARG00000088332,alx4a
ENSDARG00000088686,hist1h2a11
ENSDARG00000088810,prox3
ENSDARG00000088844,deaf1
ENSDARG00000089039,zgc:173585
ENSDARG00000089042,foxb1a
ENSDARG00000089262,pbx3a
ENSDARG00000089368,hopx
ENSDARG00000089434,etv7
ENSDARG00000089456,men1
ENSDARG00000089463,dhx58
ENSDARG00000089697,nfe2l2b
ENSDARG00000090387,onecut2
ENSDARG00000090449,sp100.3
ENSDARG00000090656,tomm20a
ENSDARG00000091029,phox2bb
ENSDARG00000091059,onecut3b
ENSDARG00000091131,cry3b
ENSDARG00000091271,cenpt
ENSDARG00000091287,ebf3b
ENSDARG00000091595,LO018154.1
ENSDARG00000091728,zgc:114046
ENSDARG00000091748,tbx22
ENSDARG00000091768,dclre1a
ENSDARG00000091905,si:dkey-108k21.21
ENSDARG00000092060,tbx5b
ENSDARG00000092136,cenpw
ENSDARG00000092174,fosl2l
ENSDARG00000092305,poldip2
ENSDARG00000092503,arid1b
ENSDARG00000092635,si:ch211-51e8.2
ENSDARG00000092799,camta2
ENSDARG00000092809,hoxc9a
ENSDARG00000092816,si:dkey-93n13.2
ENSDARG00000093022,selenoh
ENSDARG00000093129,si:rp71-45k5.2
ENSDARG00000093170,mef2b
ENSDARG00000093240,GMEB2
ENSDARG00000093420,creb1b
ENSDARG00000093496,si:zfos-905g2.1
ENSDARG00000093799,setbp1
ENSDARG00000093978,zgc:77486
ENSDARG00000094038,si:ch211-226f6.1
ENSDARG00000094154,hist2h3c
ENSDARG00000094214,si:dkeyp-117b8.4
ENSDARG00000094230,si:dkey-211g8.4
ENSDARG00000094345,si:dkey-261l7.2
ENSDARG00000094387,si:dkeyp-30e7.2
ENSDARG00000094426,her4.2
ENSDARG00000094992,otx1
ENSDARG00000095007,sinhcafl
ENSDARG00000095046,pold2
ENSDARG00000095549,si:dkeyp-106c3.2
ENSDARG00000095651,hmx1
ENSDARG00000095896,pou3f3b
ENSDARG00000096711,si:ch211-194k22.8
ENSDARG00000096716,hmx3b
ENSDARG00000096816,si:dkeyp-106c3.2
ENSDARG00000096992,zgc:153405
ENSDARG00000097302,tbpl2
ENSDARG00000097385,si:ch211-15d5.12
ENSDARG00000097546,si:ch211-40k21.9
ENSDARG00000097637,si:ch211-246i5.5
ENSDARG00000098228,thrap3b
ENSDARG00000098231,hhex
ENSDARG00000098240,meis2a
ENSDARG00000098348,znf326
ENSDARG00000098375,polr1a
ENSDARG00000098424,CABZ01079241.1
ENSDARG00000098439,nr1h3
ENSDARG00000098443,zfand6
ENSDARG00000098507,lyar
ENSDARG00000098595,hist1h2a11
ENSDARG00000098696,rela
ENSDARG00000098730,en1b
ENSDARG00000098739,h2af1al
ENSDARG00000098767,CABZ01007829.1
ENSDARG00000098783,polr2b
ENSDARG00000098834,sox4b
ENSDARG00000098889,si:zfos-128g4.2
ENSDARG00000098897,pds5b
ENSDARG00000098903,tfe3a
ENSDARG00000098952,gata4
ENSDARG00000098970,CU459186.1
ENSDARG00000099021,setdb1b
ENSDARG00000099123,CU459186.2
ENSDARG00000099164,nacc1a
ENSDARG00000099175,hmgb1a
ENSDARG00000099187,purg
ENSDARG00000099247,si:dkey-68o6.5
ENSDARG00000099298,xrcc5
ENSDARG00000099329,macroh2a1
ENSDARG00000099365,evx1
ENSDARG00000099373,zgc:158320
ENSDARG00000099427,nkx1.2lb
ENSDARG00000099483,vdra
ENSDARG00000099514,zgc:112234
ENSDARG00000099519,cpdp
ENSDARG00000099555,foxo1a
ENSDARG00000099590,BX914205.2
ENSDARG00000099614,purab
ENSDARG00000099619,CABZ01083166.1
ENSDARG00000099635,akap8l
ENSDARG00000099743,zgc:113019
ENSDARG00000099761,vox
ENSDARG00000099849,ebf3a
ENSDARG00000099920,zgc:163040
ENSDARG00000099926,si:dkey-26m3.1
ENSDARG00000099966,polr2a
ENSDARG00000100024,hist1h2a6
ENSDARG00000100028,pole2
ENSDARG00000100055,tox2
ENSDARG00000100087,evx1
ENSDARG00000100097,mafgb
ENSDARG00000100163,tox4b
ENSDARG00000100244,ebf3a
ENSDARG00000100259,zgc:171759
ENSDARG00000100279,CU457819.1
ENSDARG00000100312,hoxa13a
ENSDARG00000100384,CT990567.1
ENSDARG00000100398,pax7a
ENSDARG00000100401,
ENSDARG00000100466,nrl
ENSDARG00000100483,vent
ENSDARG00000100486,foxo6a
ENSDARG00000100494,pbx1a
ENSDARG00000100503,sos1
ENSDARG00000100560,zfpm2b
ENSDARG00000100591,sox32
ENSDARG00000100722,si:ch211-160f23.7
ENSDARG00000100769,CABZ01085201.1
ENSDARG00000100847,esrrb
ENSDARG00000100906,hist1h2a11
ENSDARG00000100908,lcor
ENSDARG00000100910,si:ch211-195p4.4
ENSDARG00000100927,nfatc2a
ENSDARG00000100940,nr5a2
ENSDARG00000100947,mafk
ENSDARG00000101023,msx2b
ENSDARG00000101076,irx3a
ENSDARG00000101112,FO704777.1
ENSDARG00000101131,pbx1b
ENSDARG00000101161,orc4
ENSDARG00000101180,mcm7
ENSDARG00000101205,mbd1a
ENSDARG00000101220,polrmt
ENSDARG00000101244,gli1
ENSDARG00000101249,zgc:165555
ENSDARG00000101462,setdb2
ENSDARG00000101474,snapc3
ENSDARG00000101508,nr6a1a
ENSDARG00000101523,arxb
ENSDARG00000101549,nkx2.2b
ENSDARG00000101559,zhx2b
ENSDARG00000101578,e2f4
ENSDARG00000101618,ube2c
ENSDARG00000101645,myrfl
ENSDARG00000101710,arid1aa
ENSDARG00000101717,sox17
ENSDARG00000101720,CU459186.3
ENSDARG00000101831,irx1a
ENSDARG00000101891,arid1ab
ENSDARG00000101954,hoxc6b
ENSDARG00000101959,etv1
ENSDARG00000101986,irf6
ENSDARG00000101989,thrap3a
ENSDARG00000101994,CR354398.1
ENSDARG00000101996,cxxc1a
ENSDARG00000102082,nr3c2
ENSDARG00000102091,CABZ01052576.1
ENSDARG00000102138,foxa1
ENSDARG00000102339,si:dkey-5n7.2
ENSDARG00000102389,ved
ENSDARG00000102403,cry2
ENSDARG00000102501,hoxa5a
ENSDARG00000102550,CABZ01080371.1
ENSDARG00000102556,nfat5b
ENSDARG00000102569,polr3a
ENSDARG00000102586,zgc:152938
ENSDARG00000102588,sp100.2
ENSDARG00000102590,polr3h
ENSDARG00000102631,hoxc11b
ENSDARG00000102714,si:dkey-13n23.3
ENSDARG00000102765,lonp1
ENSDARG00000102788,si:zfos-128g4.1
ENSDARG00000102798,mcm2
ENSDARG00000102806,zgc:112234
ENSDARG00000102839,si:ch211-211k8.4
ENSDARG00000102867,srfb
ENSDARG00000102892,h1m
ENSDARG00000102899,cremb
ENSDARG00000102974,baz2a
ENSDARG00000102976,uncx
ENSDARG00000103015,hist1h2a2
ENSDARG00000103057,zfhx3
ENSDARG00000103133,hoxc12b
ENSDARG00000103176,nr5a1a
ENSDARG00000103186,si:ch73-389k6.1
ENSDARG00000103361,tshz3b
ENSDARG00000103379,pax6a
ENSDARG00000103409,uhrf1
ENSDARG00000103470,polm
ENSDARG00000103589,gata6
ENSDARG00000103691,rfx7b
ENSDARG00000103697,arnt2
ENSDARG00000103700,si:ch211-239d6.2
ENSDARG00000103767,CR855320.2
ENSDARG00000103819,CU459186.4
ENSDARG00000103862,hoxa4a
ENSDARG00000103933,fancm
ENSDARG00000103961,poln
ENSDARG00000103972,CR352209.1
ENSDARG00000103977,terf2ip
ENSDARG00000103980,ets2
ENSDARG00000104030,taf12
ENSDARG00000104034,arid3b
ENSDARG00000104090,june
ENSDARG00000104107,nkx2.4b
ENSDARG00000104144,si:dkey-68o6.8
ENSDARG00000104162,hoxa11a
ENSDARG00000104199,si:dkey-43p13.5
ENSDARG00000104243,eomesb
ENSDARG00000104307,hoxa1a
ENSDARG00000104339,SMARCA4
ENSDARG00000104350,si:dkey-68o6.6
ENSDARG00000104361,barhl2
ENSDARG00000104434,CABZ01048453.1
ENSDARG00000104501,FP236812.1
ENSDARG00000104516,polr3d
ENSDARG00000104560,CT990561.2
ENSDARG00000104566,foxi1
ENSDARG00000104588,zgc:112234
ENSDARG00000104651,msx2a
ENSDARG00000104657,CU915762.1
ENSDARG00000104686,hsf5
ENSDARG00000104709,sprtn
ENSDARG00000104735,nkx6.2
ENSDARG00000104773,junbb
ENSDARG00000104792,dntt
ENSDARG00000104809,top1mt
ENSDARG00000104815,lmx1ba
ENSDARG00000104979,CR388055.1
ENSDARG00000105013,hoxa9a
ENSDARG00000105053,CABZ01093502.2
ENSDARG00000105078,CABZ01002809.1
ENSDARG00000105083,chd5
ENSDARG00000105098,dr1
ENSDARG00000105177,ilf3b
ENSDARG00000105261,nfkb1
ENSDARG00000105301,sox8a
ENSDARG00000105314,CU459186.5
ENSDARG00000105318,hist1h4l
ENSDARG00000105328,si:dkey-23a13.17
ENSDARG00000105340,zgc:112234
ENSDARG00000105342,si:dkey-23a13.12
ENSDARG00000105345,zgc:173552
ENSDARG00000105350,si:ch1073-153i20.4
ENSDARG00000105352,hist1h4l
ENSDARG00000105353,hist1h4l
ENSDARG00000105355,zgc:154164
ENSDARG00000105359,FP325123.1
ENSDARG00000105366,hist1h2a10
ENSDARG00000105374,CU457819.2
ENSDARG00000105376,hist1h4l
ENSDARG00000105382,hist1h4l
ENSDARG00000105384,si:dkey-23a13.22
ENSDARG00000105393,zgc:112234
ENSDARG00000105397,si:ch211-113a14.22
ENSDARG00000105400,CU457819.3
ENSDARG00000105409,hist1h4l
ENSDARG00000105414,zgc:112234
ENSDARG00000105418,CU457819.4
ENSDARG00000105430,si:ch73-368j24.11
ENSDARG00000105431,si:dkey-23a13.9
ENSDARG00000105444,hist1h2a11
ENSDARG00000105459,H3C15
ENSDARG00000105468,zgc:112234
ENSDARG00000105471,si:ch73-368j24.1
ENSDARG00000105478,si:ch1073-153i20.5
ENSDARG00000105482,hist1h4l
ENSDARG00000105483,zgc:112234
ENSDARG00000105484,FP325123.2
ENSDARG00000105502,si:ch73-368j24.12
ENSDARG00000105507,zgc:112234
ENSDARG00000105508,si:dkey-23a13.21
ENSDARG00000105562,si:dkey-23i12.7
ENSDARG00000105594,MAJIN
ENSDARG00000106560,MCMDC2
ENSDARG00000109287,HMBOX1
ENSDARG00000109370,hist1h2ba
ENSDARG00000109458,hist1h2a1
ENSDARG00000109737,zgc:171759
ENSDARG00000109755,hist1h2a3
ENSDARG00000109912,CU570781.2
ENSDARG00000109926,si:ch211-113a14.19
ENSDARG00000110005,CR855257.2
ENSDARG00000110035,hist1h4l
ENSDARG00000110114,CU929414.1
ENSDARG00000110152,hist1h4l
ENSDARG00000110265,AL929237.4
ENSDARG00000110298,mbd4
ENSDARG00000110352,BX897685.1
ENSDARG00000110809,hist1h2a3
ENSDARG00000110812,hist1h4l
ENSDARG00000110841,si:dkey-108k21.14
ENSDARG00000110856,CABZ01020455.1
ENSDARG00000110909,zgc:173552
ENSDARG00000110922,CR847936.6
ENSDARG00000111165,hist1h4l
ENSDARG00000111247,hist1h4l
ENSDARG00000111269,CABZ01087224.1
ENSDARG00000111396,zgc:173552
ENSDARG00000111494,hist1h4l
ENSDARG00000111501,hist1h4l
ENSDARG00000111536,si:ch211-113a14.19
ENSDARG00000111619,hist1h4l
ENSDARG00000111643,CR925720.1
ENSDARG00000111648,hist1h2a3
ENSDARG00000111753,hist1h4l
ENSDARG00000111781,CR388195.1
ENSDARG00000111934,zgc:112234
ENSDARG00000111964,zgc:171759
ENSDARG00000111969,SOX14
ENSDARG00000112131,zgc:173552
ENSDARG00000112175,zgc:173552
ENSDARG00000112375,CR762436.1
ENSDARG00000112491,hist1h4l
ENSDARG00000112528,hist1h4l
ENSDARG00000112561,si:dkey-108k21.11
ENSDARG00000112593,hist1h2a3
ENSDARG00000112647,si:dkey-108k21.24
ENSDARG00000112679,BX649279.1
ENSDARG00000112840,hist1h2a10
ENSDARG00000112895,FO834857.1
ENSDARG00000112923,VDR
ENSDARG00000112947,BX294110.3
ENSDARG00000112954,hist1h4l
ENSDARG00000112967,CR762436.2
ENSDARG00000113012,CABZ01112050.1
ENSDARG00000113205,zgc:163040
ENSDARG00000113399,FP236630.1
ENSDARG00000113481,si:ch211-113a14.19
ENSDARG00000113607,BEND4
ENSDARG00000113654,CU861574.1
ENSDARG00000113707,si:ch211-113a14.19
ENSDARG00000113800,si:dkey-108k21.19
ENSDARG00000113841,AL844172.2
ENSDARG00000113877,hoxc13b
ENSDARG00000114125,si:dkey-261m9.19
ENSDARG00000114133,hist1h2a5
ENSDARG00000114169,CR354435.2
ENSDARG00000114180,FP236812.2
ENSDARG00000114182,mkxb
ENSDARG00000114195,zgc:171759
ENSDARG00000114307,CR354612.1
ENSDARG00000114334,
ENSDARG00000114370,FQ312024.1
ENSDARG00000114405,zgc:194989
ENSDARG00000114500,CU302436.1
ENSDARG00000114534,hist1h4l
ENSDARG00000114554,cdx1a
ENSDARG00000114670,ube2c
ENSDARG00000114741,CABZ01008739.1
ENSDARG00000114895,si:ch211-113a14.22
ENSDARG00000115054,hist1h4l
ENSDARG00000115201,BX323062.1
ENSDARG00000115281,hist1h4l
ENSDARG00000115365,CR753816.2
ENSDARG00000115480,CABZ01005857.1
ENSDARG00000115482,BX322622.1
ENSDARG00000115644,zgc:173552
ENSDARG00000115766,si:ch73-36p18.1
ENSDARG00000115799,hist1h4l
ENSDARG00000115875,si:ch211-113a14.19
ENSDARG00000115938,zgc:171759
ENSDARG00000115962,LO017799.1
ENSDARG00000116118,msx1a
ENSDARG00000116139,cdx1b
ENSDARG00000116298,CR628395.1
ENSDARG00000116491,h2az2b
ENSDARG00000116608,pitx1
ENSDARG00000116654,
ENSDARG00000116781,hist1h4l
ENSDARG00000117168,BX649431.4
ENSDARG00000117189,CR318625.2
